day,service_class,queue_name,node,count_commit_xid,wlm_start_commit_time_ms,wlm_queue_time_ms,exec_only_time_ms,commit_time_ms,commit_queue_time_ms,pct_wlm_queue_time,pct_exec_only_time,pct_commit_queue_time,pct_commit_time
2025-02-27,101,wlm_ETL_Application,-1,1,15027334.2530,0.0000,14952816.4610,1286.7070,0.9740,0.0000,99.5000,0.0000,0.0000
2025-02-27,101,wlm_ETL_Application,0,1,15027334.3580,0.0000,14952816.4610,1281.4150,0.0000,0.0000,99.5000,0.0000,0.0000
2025-02-27,101,wlm_ETL_Application,1,1,15027334.1360,0.0000,14952816.4610,1281.6750,0.0000,0.0000,99.5000,0.0000,0.0000
2025-02-27,101,wlm_ETL_Application,2,1,15027334.2090,0.0000,14952816.4610,1281.7790,0.0000,0.0000,99.5000,0.0000,0.0000
2025-02-27,101,wlm_ETL_Application,3,1,15027335.6590,0.0000,14952816.4610,1281.6060,0.0000,0.0000,99.5000,0.0000,0.0000
2025-02-27,101,wlm_ETL_Application,4,1,15027335.0510,0.0000,14952816.4610,1281.8050,0.0000,0.0000,99.5000,0.0000,0.0000
2025-02-27,101,wlm_ETL_Application,5,1,15027335.8360,0.0000,14952816.4610,1282.7110,0.0000,0.0000,99.5000,0.0000,0.0000
2025-02-27,101,wlm_ETL_Application,6,1,15027335.2590,0.0000,14952816.4610,1281.6350,0.0000,0.0000,99.5000,0.0000,0.0000
2025-02-27,101,wlm_ETL_Application,7,1,15027337.7280,0.0000,14952816.4610,1283.6520,0.0000,0.0000,99.5000,0.0000,0.0000
2025-02-27,103,wlm_DBA,-1,1,1125.8110,0.0000,408.3450,684.4970,0.3060,0.0000,36.2700,0.0200,60.8000
2025-02-27,103,wlm_DBA,0,1,1130.7850,0.0000,408.3450,684.1960,0.0000,0.0000,36.1100,0.0000,60.5000
2025-02-27,103,wlm_DBA,1,1,1401.6540,0.0000,408.3450,953.8690,0.0000,0.0000,29.1300,0.0000,68.0500
2025-02-27,103,wlm_DBA,2,1,1514.1450,0.0000,408.3450,1067.3270,0.0000,0.0000,26.9600,0.0000,70.4900
2025-02-27,103,wlm_DBA,3,1,1563.1020,0.0000,408.3450,1116.9120,0.0000,0.0000,26.1200,0.0000,71.4500
2025-02-27,103,wlm_DBA,4,1,1129.5930,0.0000,408.3450,683.0720,0.0000,0.0000,36.1400,0.0000,60.4700
2025-02-27,103,wlm_DBA,5,1,1131.3940,0.0000,408.3450,632.7300,0.0000,0.0000,36.0900,0.0000,55.9200
2025-02-27,103,wlm_DBA,6,1,1128.4040,0.0000,408.3450,681.7120,0.0000,0.0000,36.1800,0.0000,60.4100
2025-02-27,103,wlm_DBA,7,1,1129.4240,0.0000,408.3450,682.2050,0.0000,0.0000,36.1500,0.0000,60.4000
2025-02-28,14,Short query queue,-1,38,19054112.8080,0.0000,103693.5080,20689.9750,13324.3650,0.0000,0.5400,0.0600,0.1000
2025-02-28,14,Short query queue,0,22,15398149.1230,0.0000,72610.8540,21997.2060,0.0000,0.0000,0.4700,0.0000,0.1400
2025-02-28,14,Short query queue,1,22,15398067.6900,0.0000,72610.8540,21698.7350,0.0000,0.0000,0.4700,0.0000,0.1400
2025-02-28,14,Short query queue,2,22,15398475.6070,0.0000,72610.8540,22497.1550,0.0000,0.0000,0.4700,0.0000,0.1400
2025-02-28,14,Short query queue,3,22,15398318.3380,0.0000,72610.8540,21963.5960,0.0000,0.0000,0.4700,0.0000,0.1400
2025-02-28,14,Short query queue,4,22,15398080.0220,0.0000,72610.8540,22050.1570,0.0000,0.0000,0.4700,0.0000,0.1400
2025-02-28,14,Short query queue,5,22,15398484.8340,0.0000,72610.8540,22335.8570,0.0000,0.0000,0.4700,0.0000,0.1400
2025-02-28,14,Short query queue,6,22,15398172.9070,0.0000,72610.8540,21855.2240,0.0000,0.0000,0.4700,0.0000,0.1400
2025-02-28,14,Short query queue,7,22,15398501.4160,0.0000,72610.8540,22156.4810,0.0000,0.0000,0.4700,0.0000,0.1400
2025-02-28,15,Service class for vacuum/analyze,-1,237,370287542.0690,104447.1570,74667657.9370,5253574.0230,2874529.9050,0.0200,20.1600,0.7700,1.4100
2025-02-28,15,Service class for vacuum/analyze,0,237,370319590.5940,104447.1570,74667657.9370,6196920.1200,0.0000,0.0200,20.1600,0.0000,1.6700
2025-02-28,15,Service class for vacuum/analyze,1,237,370314713.2230,104447.1570,74667657.9370,6183039.3640,0.0000,0.0200,20.1600,0.0000,1.6600
2025-02-28,15,Service class for vacuum/analyze,2,237,370339378.5570,104447.1570,74667657.9370,6196730.6710,0.0000,0.0200,20.1600,0.0000,1.6700
2025-02-28,15,Service class for vacuum/analyze,3,237,370347999.7600,104447.1570,74667657.9370,6211774.6780,0.0000,0.0200,20.1600,0.0000,1.6700
2025-02-28,15,Service class for vacuum/analyze,4,237,370320137.4280,104447.1570,74667657.9370,6196766.4200,0.0000,0.0200,20.1600,0.0000,1.6700
2025-02-28,15,Service class for vacuum/analyze,5,237,370337951.0730,104447.1570,74667657.9370,6204818.2320,0.0000,0.0200,20.1600,0.0000,1.6700
2025-02-28,15,Service class for vacuum/analyze,6,237,370337781.6130,104447.1570,74667657.9370,6179496.6650,0.0000,0.0200,20.1600,0.0000,1.6600
2025-02-28,15,Service class for vacuum/analyze,7,237,370377312.4360,104447.1570,74667657.9370,6238793.4220,0.0000,0.0200,20.1500,0.0000,1.6800
2025-02-28,101,wlm_ETL_Application,-1,6097,19780426346.7290,172747424.4970,797779422.9780,31428319.3800,27411241.0660,0.8700,4.0300,0.1300,0.1500
2025-02-28,101,wlm_ETL_Application,0,5942,19718886249.6040,161841891.8470,775432602.6160,39526545.4670,0.0000,0.8200,3.9300,0.0000,0.2000
2025-02-28,101,wlm_ETL_Application,1,5942,19718863318.7170,161841891.8470,775432602.6160,39595121.8430,0.0000,0.8200,3.9300,0.0000,0.2000
2025-02-28,101,wlm_ETL_Application,2,5942,19719145829.1780,161841891.8470,775432602.6160,39794245.7630,0.0000,0.8200,3.9300,0.0000,0.2000
2025-02-28,101,wlm_ETL_Application,3,5942,19719233618.1140,161841891.8470,775432602.6160,39791335.3250,0.0000,0.8200,3.9300,0.0000,0.2000
2025-02-28,101,wlm_ETL_Application,4,5942,19718816621.1130,161841891.8470,775432602.6160,39719761.7770,0.0000,0.8200,3.9300,0.0000,0.2000
2025-02-28,101,wlm_ETL_Application,5,5942,19719133696.5120,161841891.8470,775432602.6160,39756026.8630,0.0000,0.8200,3.9300,0.0000,0.2000
2025-02-28,101,wlm_ETL_Application,6,5942,19719610617.4630,161841891.8470,775432602.6160,40217144.7230,0.0000,0.8200,3.9300,0.0000,0.2000
2025-02-28,101,wlm_ETL_Application,7,5942,19719450083.6860,161841891.8470,775432602.6160,39969744.5570,0.0000,0.8200,3.9300,0.0000,0.2000
2025-02-28,102,wlm_Analysts,-1,1,3822201.1050,475349.2930,818768.7620,6952.1270,575.5120,12.4300,21.4200,0.0100,0.1800
2025-02-28,102,wlm_Analysts,0,1,3822228.9930,475349.2930,818768.7620,6895.7700,0.0000,12.4300,21.4200,0.0000,0.1800
2025-02-28,102,wlm_Analysts,1,1,3822210.9260,475349.2930,818768.7620,6912.6610,0.0000,12.4300,21.4200,0.0000,0.1800
2025-02-28,102,wlm_Analysts,2,1,3822221.1530,475349.2930,818768.7620,6911.5550,0.0000,12.4300,21.4200,0.0000,0.1800
2025-02-28,102,wlm_Analysts,3,1,3822226.7950,475349.2930,818768.7620,6930.6930,0.0000,12.4300,21.4200,0.0000,0.1800
2025-02-28,102,wlm_Analysts,4,1,3822244.2180,475349.2930,818768.7620,6858.1940,0.0000,12.4300,21.4200,0.0000,0.1700
2025-02-28,102,wlm_Analysts,5,1,3822205.8510,475349.2930,818768.7620,6915.1670,0.0000,12.4300,21.4200,0.0000,0.1800
2025-02-28,102,wlm_Analysts,6,1,3822214.7620,475349.2930,818768.7620,6910.6450,0.0000,12.4300,21.4200,0.0000,0.1800
2025-02-28,102,wlm_Analysts,7,1,3822224.0720,475349.2930,818768.7620,6926.6050,0.0000,12.4300,21.4200,0.0000,0.1800
2025-02-28,103,wlm_DBA,-1,69902,265709045.9670,-2382159365988.7190,137068554.1480,46924559.3740,35854245.1900,-896529.2600,51.5800,13.4900,17.6600
2025-02-28,103,wlm_DBA,0,69901,265999591.9230,-2382159365988.7190,136146449.0270,62433595.2050,0.0000,-895550.0000,51.1800,0.0000,23.4700
2025-02-28,103,wlm_DBA,1,69901,266128232.5680,-2382159365988.7190,136146449.0270,62493545.9110,0.0000,-895117.1100,51.1500,0.0000,23.4800
2025-02-28,103,wlm_DBA,2,69901,266477877.8370,-2382159365988.7190,136146449.0270,62686508.5550,0.0000,-893942.6300,51.0900,0.0000,23.5200
2025-02-28,103,wlm_DBA,3,69901,266632094.4750,-2382159365988.7190,136146449.0270,62747216.9430,0.0000,-893425.5900,51.0600,0.0000,23.5300
2025-02-28,103,wlm_DBA,4,69901,265687235.6530,-2382159365988.7190,136146449.0270,62362441.8710,0.0000,-896602.8600,51.2400,0.0000,23.4700
2025-02-28,103,wlm_DBA,5,69901,266375451.8020,-2382159365988.7190,136146449.0270,62638645.8320,0.0000,-894286.3700,51.1100,0.0000,23.5100
2025-02-28,103,wlm_DBA,6,69901,266710050.2880,-2382159365988.7190,136146449.0270,62711351.6070,0.0000,-893164.4500,51.0400,0.0000,23.5100
2025-02-28,103,wlm_DBA,7,69901,266780277.7320,-2382159365988.7190,136146449.0270,62816886.9910,0.0000,-892929.3300,51.0300,0.0000,23.5400
2025-02-28,107,Default queue,-1,572,677472245.6660,25356433.0350,123870249.2260,429486.6980,421150.8070,3.7400,18.2800,0.0600,0.0600
2025-02-28,107,Default queue,0,348,457230549.8060,16383293.4000,72113778.8790,547206.6030,0.0000,3.5800,15.7700,0.0000,0.1100
2025-02-28,107,Default queue,1,348,457229297.2900,16383293.4000,72113778.8790,546500.3690,0.0000,3.5800,15.7700,0.0000,0.1100
2025-02-28,107,Default queue,2,348,457238736.7720,16383293.4000,72113778.8790,554167.4590,0.0000,3.5800,15.7700,0.0000,0.1200
2025-02-28,107,Default queue,3,348,457235077.7700,16383293.4000,72113778.8790,552744.2690,0.0000,3.5800,15.7700,0.0000,0.1200
2025-02-28,107,Default queue,4,348,457225258.6750,16383293.4000,72113778.8790,546519.7180,0.0000,3.5800,15.7700,0.0000,0.1100
2025-02-28,107,Default queue,5,348,457232040.3420,16383293.4000,72113778.8790,548928.0650,0.0000,3.5800,15.7700,0.0000,0.1200
2025-02-28,107,Default queue,6,348,457233475.7020,16383293.4000,72113778.8790,539986.7680,0.0000,3.5800,15.7700,0.0000,0.1100
2025-02-28,107,Default queue,7,348,457244859.0090,16383293.4000,72113778.8790,560900.9440,0.0000,3.5800,15.7700,0.0000,0.1200
2025-03-01,14,Short query queue,-1,30,11307316.5560,0.0000,120028.6270,15786.5770,10611.2190,0.0000,1.0600,0.0900,0.1300
2025-03-01,14,Short query queue,0,21,3477876.3130,0.0000,83704.9240,18377.9410,0.0000,0.0000,2.4000,0.0000,0.5200
2025-03-01,14,Short query queue,1,21,3478604.8340,0.0000,83704.9240,19881.4740,0.0000,0.0000,2.4000,0.0000,0.5700
2025-03-01,14,Short query queue,2,21,3478153.8450,0.0000,83704.9240,18738.8450,0.0000,0.0000,2.4000,0.0000,0.5300
2025-03-01,14,Short query queue,3,21,3477759.6380,0.0000,83704.9240,17792.7410,0.0000,0.0000,2.4000,0.0000,0.5100
2025-03-01,14,Short query queue,4,21,3477620.2220,0.0000,83704.9240,19285.2610,0.0000,0.0000,2.4000,0.0000,0.5500
2025-03-01,14,Short query queue,5,21,3478514.5210,0.0000,83704.9240,19339.8450,0.0000,0.0000,2.4000,0.0000,0.5500
2025-03-01,14,Short query queue,6,21,3478494.8130,0.0000,83704.9240,19590.7400,0.0000,0.0000,2.4000,0.0000,0.5600
2025-03-01,14,Short query queue,7,21,3479600.5190,0.0000,83704.9240,19684.0930,0.0000,0.0000,2.4000,0.0000,0.5600
2025-03-01,15,Service class for vacuum/analyze,-1,237,237533867.2950,7000.5540,55723726.0990,3854545.0780,1891880.2290,0.0000,23.4500,0.7900,1.6200
2025-03-01,15,Service class for vacuum/analyze,0,237,237555472.0240,7000.5540,55723726.0990,4982981.1570,0.0000,0.0000,23.4500,0.0000,2.0900
2025-03-01,15,Service class for vacuum/analyze,1,237,237889778.3910,7000.5540,55723726.0990,4978911.1430,0.0000,0.0000,23.4200,0.0000,2.0900
2025-03-01,15,Service class for vacuum/analyze,2,237,237562793.0710,7000.5540,55723726.0990,4990660.0110,0.0000,0.0000,23.4500,0.0000,2.1000
2025-03-01,15,Service class for vacuum/analyze,3,237,237560690.0530,7000.5540,55723726.0990,4990179.4550,0.0000,0.0000,23.4500,0.0000,2.1000
2025-03-01,15,Service class for vacuum/analyze,4,237,237557947.0050,7000.5540,55723726.0990,4992245.5770,0.0000,0.0000,23.4500,0.0000,2.1000
2025-03-01,15,Service class for vacuum/analyze,5,237,237576503.6870,7000.5540,55723726.0990,4977487.3800,0.0000,0.0000,23.4500,0.0000,2.0900
2025-03-01,15,Service class for vacuum/analyze,6,237,237749172.3910,7000.5540,55723726.0990,4997661.7540,0.0000,0.0000,23.4300,0.0000,2.1000
2025-03-01,15,Service class for vacuum/analyze,7,237,237754527.9320,7000.5540,55723726.0990,4999771.7020,0.0000,0.0000,23.4300,0.0000,2.1000
2025-03-01,101,wlm_ETL_Application,-1,5674,14755173548.5070,207760812.5240,5501231289.6130,51175999.8430,58278456.1190,1.4000,37.2800,0.3900,0.3400
2025-03-01,101,wlm_ETL_Application,0,5590,14698741809.8240,201255408.4240,5486724184.9620,60696659.2170,0.0000,1.3600,37.3200,0.0000,0.4100
2025-03-01,101,wlm_ETL_Application,1,5590,14699011155.5890,201255408.4240,5486724184.9620,60593716.4410,0.0000,1.3600,37.3200,0.0000,0.4100
2025-03-01,101,wlm_ETL_Application,2,5590,14699441303.2070,201255408.4240,5486724184.9620,60961169.6630,0.0000,1.3600,37.3200,0.0000,0.4100
2025-03-01,101,wlm_ETL_Application,3,5590,14699614825.7840,201255408.4240,5486724184.9620,61307133.7420,0.0000,1.3600,37.3200,0.0000,0.4100
2025-03-01,101,wlm_ETL_Application,4,5590,14698759971.6950,201255408.4240,5486724184.9620,60789542.4100,0.0000,1.3600,37.3200,0.0000,0.4100
2025-03-01,101,wlm_ETL_Application,5,5590,14699378256.0260,201255408.4240,5486724184.9620,60805825.6580,0.0000,1.3600,37.3200,0.0000,0.4100
2025-03-01,101,wlm_ETL_Application,6,5590,14699398301.0330,201255408.4240,5486724184.9620,61066876.4460,0.0000,1.3600,37.3200,0.0000,0.4100
2025-03-01,101,wlm_ETL_Application,7,5590,14699423629.3000,201255408.4240,5486724184.9620,61022175.0140,0.0000,1.3600,37.3200,0.0000,0.4100
2025-03-01,103,wlm_DBA,-1,58118,214855240.0040,48010312.6140,119029726.8940,37718697.2160,26763705.1330,22.3400,55.3900,12.4500,17.5500
2025-03-01,103,wlm_DBA,0,58118,216410901.8710,48010312.6140,119029726.8940,50142957.8150,0.0000,22.1800,55.0000,0.0000,23.1700
2025-03-01,103,wlm_DBA,1,58118,216953527.9600,48010312.6140,119029726.8940,50098926.2090,0.0000,22.1200,54.8600,0.0000,23.0900
2025-03-01,103,wlm_DBA,2,58118,216551267.0620,48010312.6140,119029726.8940,50192926.1130,0.0000,22.1700,54.9600,0.0000,23.1700
2025-03-01,103,wlm_DBA,3,58118,216633635.3280,48010312.6140,119029726.8940,50217528.7340,0.0000,22.1600,54.9400,0.0000,23.1800
2025-03-01,103,wlm_DBA,4,58118,215886583.7800,48010312.6140,119029726.8940,49957300.3680,0.0000,22.2300,55.1300,0.0000,23.1400
2025-03-01,103,wlm_DBA,5,58118,216507187.7530,48010312.6140,119029726.8940,50184697.9240,0.0000,22.1700,54.9700,0.0000,23.1700
2025-03-01,103,wlm_DBA,6,58118,217028085.8360,48010312.6140,119029726.8940,50248079.3680,0.0000,22.1200,54.8400,0.0000,23.1500
2025-03-01,103,wlm_DBA,7,58118,217084592.2450,48010312.6140,119029726.8940,50278094.8210,0.0000,22.1100,54.8300,0.0000,23.1600
2025-03-01,107,Default queue,-1,135,337825712.7050,29133436.6820,62817756.2500,332216.9200,405566.6340,8.6200,18.5900,0.1200,0.0900
2025-03-01,107,Default queue,0,129,156092914.5960,25821946.5910,49673206.9290,597148.9380,0.0000,16.5400,31.8200,0.0000,0.3800
2025-03-01,107,Default queue,1,129,156093282.9250,25821946.5910,49673206.9290,596701.6190,0.0000,16.5400,31.8200,0.0000,0.3800
2025-03-01,107,Default queue,2,129,156093499.1920,25821946.5910,49673206.9290,597627.8170,0.0000,16.5400,31.8200,0.0000,0.3800
2025-03-01,107,Default queue,3,129,156092745.4030,25821946.5910,49673206.9290,594861.3740,0.0000,16.5400,31.8200,0.0000,0.3800
2025-03-01,107,Default queue,4,129,156092454.8280,25821946.5910,49673206.9290,597686.6250,0.0000,16.5400,31.8200,0.0000,0.3800
2025-03-01,107,Default queue,5,129,156093576.3200,25821946.5910,49673206.9290,598851.0140,0.0000,16.5400,31.8200,0.0000,0.3800
2025-03-01,107,Default queue,6,129,156095803.0980,25821946.5910,49673206.9290,599037.1030,0.0000,16.5400,31.8200,0.0000,0.3800
2025-03-01,107,Default queue,7,129,156095413.2840,25821946.5910,49673206.9290,598321.1060,0.0000,16.5400,31.8200,0.0000,0.3800
2025-03-02,14,Short query queue,-1,29,13683393.5080,0.0000,62867.5970,14715.6730,7265.8270,0.0000,0.4500,0.0500,0.1000
2025-03-02,14,Short query queue,0,19,4899943.4070,0.0000,48751.5300,17440.8290,0.0000,0.0000,0.9900,0.0000,0.3500
2025-03-02,14,Short query queue,1,19,4899482.2090,0.0000,48751.5300,16969.1030,0.0000,0.0000,0.9900,0.0000,0.3400
2025-03-02,14,Short query queue,2,19,4899615.6390,0.0000,48751.5300,17051.8300,0.0000,0.0000,0.9900,0.0000,0.3400
2025-03-02,14,Short query queue,3,19,4900016.7960,0.0000,48751.5300,17439.1030,0.0000,0.0000,0.9900,0.0000,0.3500
2025-03-02,14,Short query queue,4,19,4899451.7510,0.0000,48751.5300,16883.7010,0.0000,0.0000,0.9900,0.0000,0.3400
2025-03-02,14,Short query queue,5,19,4899479.3200,0.0000,48751.5300,16949.2920,0.0000,0.0000,0.9900,0.0000,0.3400
2025-03-02,14,Short query queue,6,19,4899875.4650,0.0000,48751.5300,17298.5740,0.0000,0.0000,0.9900,0.0000,0.3500
2025-03-02,14,Short query queue,7,19,4899614.8120,0.0000,48751.5300,17065.8650,0.0000,0.0000,0.9900,0.0000,0.3400
2025-03-02,15,Service class for vacuum/analyze,-1,177,153115297.6380,0.0000,27776327.8510,2150417.5070,585857.2910,0.0000,18.1400,0.3800,1.4000
2025-03-02,15,Service class for vacuum/analyze,0,177,153129651.4040,0.0000,27776327.8510,2401476.8490,0.0000,0.0000,18.1300,0.0000,1.5600
2025-03-02,15,Service class for vacuum/analyze,1,177,153121238.6380,0.0000,27776327.8510,2389350.4360,0.0000,0.0000,18.1400,0.0000,1.5600
2025-03-02,15,Service class for vacuum/analyze,2,177,153127259.8160,0.0000,27776327.8510,2398382.1710,0.0000,0.0000,18.1300,0.0000,1.5600
2025-03-02,15,Service class for vacuum/analyze,3,177,153127342.8890,0.0000,27776327.8510,2396255.5770,0.0000,0.0000,18.1300,0.0000,1.5600
2025-03-02,15,Service class for vacuum/analyze,4,177,153122785.0690,0.0000,27776327.8510,2392759.7520,0.0000,0.0000,18.1300,0.0000,1.5600
2025-03-02,15,Service class for vacuum/analyze,5,177,153128621.5470,0.0000,27776327.8510,2393235.7880,0.0000,0.0000,18.1300,0.0000,1.5600
2025-03-02,15,Service class for vacuum/analyze,6,177,153135138.9920,0.0000,27776327.8510,2405752.0220,0.0000,0.0000,18.1300,0.0000,1.5700
2025-03-02,15,Service class for vacuum/analyze,7,177,153124958.8520,0.0000,27776327.8510,2396657.1730,0.0000,0.0000,18.1300,0.0000,1.5600
2025-03-02,101,wlm_ETL_Application,-1,5015,3128913687.0250,53904173.2450,270488506.0920,21002661.4440,14706536.6650,1.7200,8.6400,0.4700,0.6700
2025-03-02,101,wlm_ETL_Application,0,4905,3082020089.2200,52622329.6560,260531327.5830,25832741.1040,0.0000,1.7000,8.4500,0.0000,0.8300
2025-03-02,101,wlm_ETL_Application,1,4905,3081961665.1320,52622329.6560,260531327.5830,25710884.9040,0.0000,1.7000,8.4500,0.0000,0.8300
2025-03-02,101,wlm_ETL_Application,2,4905,3082066518.4280,52622329.6560,260531327.5830,25854082.0120,0.0000,1.7000,8.4500,0.0000,0.8300
2025-03-02,101,wlm_ETL_Application,3,4905,3082125531.8960,52622329.6560,260531327.5830,25990575.5560,0.0000,1.7000,8.4500,0.0000,0.8400
2025-03-02,101,wlm_ETL_Application,4,4905,3081826307.0400,52622329.6560,260531327.5830,25729408.4400,0.0000,1.7000,8.4500,0.0000,0.8300
2025-03-02,101,wlm_ETL_Application,5,4905,3082094639.5280,52622329.6560,260531327.5830,25867949.0270,0.0000,1.7000,8.4500,0.0000,0.8300
2025-03-02,101,wlm_ETL_Application,6,4905,3082172258.1280,52622329.6560,260531327.5830,25925445.8800,0.0000,1.7000,8.4500,0.0000,0.8400
2025-03-02,101,wlm_ETL_Application,7,4905,3082239461.4750,52622329.6560,260531327.5830,25983770.6290,0.0000,1.7000,8.4500,0.0000,0.8400
2025-03-02,103,wlm_DBA,-1,62600,181311864.2520,31030414.2940,88793605.9920,37512187.2380,26535060.1110,17.1100,48.9700,14.6300,20.6800
2025-03-02,103,wlm_DBA,0,62600,182195705.8630,31030414.2940,88793605.9920,47741960.2710,0.0000,17.0300,48.7300,0.0000,26.2000
2025-03-02,103,wlm_DBA,1,62600,182229946.2000,31030414.2940,88793605.9920,47717467.3810,0.0000,17.0200,48.7200,0.0000,26.1800
2025-03-02,103,wlm_DBA,2,62600,182434355.7120,31030414.2940,88793605.9920,47892381.8290,0.0000,17.0000,48.6700,0.0000,26.2500
2025-03-02,103,wlm_DBA,3,62600,182382099.4670,31030414.2940,88793605.9920,47820279.7600,0.0000,17.0100,48.6800,0.0000,26.2100
2025-03-02,103,wlm_DBA,4,62600,181898567.4530,31030414.2940,88793605.9920,47640836.7630,0.0000,17.0500,48.8100,0.0000,26.1900
2025-03-02,103,wlm_DBA,5,62600,182361313.7370,31030414.2940,88793605.9920,47821023.5660,0.0000,17.0100,48.6900,0.0000,26.2200
2025-03-02,103,wlm_DBA,6,62600,182399458.2240,31030414.2940,88793605.9920,47817598.2390,0.0000,17.0100,48.6800,0.0000,26.2100
2025-03-02,103,wlm_DBA,7,62600,182499657.6210,31030414.2940,88793605.9920,47850831.5340,0.0000,17.0000,48.6500,0.0000,26.2100
2025-03-02,107,Default queue,-1,514,500174826.5890,6217831.9400,81927901.3640,428965.4190,161603.0370,1.2400,16.3700,0.0300,0.0800
2025-03-02,107,Default queue,0,271,185791523.6290,3803894.8340,52394693.5480,473287.1280,0.0000,2.0400,28.2000,0.0000,0.2500
2025-03-02,107,Default queue,1,271,185779948.6250,3803894.8340,52394693.5480,459438.8760,0.0000,2.0400,28.2000,0.0000,0.2400
2025-03-02,107,Default queue,2,271,185783327.7840,3803894.8340,52394693.5480,462277.3840,0.0000,2.0400,28.2000,0.0000,0.2400
2025-03-02,107,Default queue,3,271,185789719.9310,3803894.8340,52394693.5480,466292.9670,0.0000,2.0400,28.2000,0.0000,0.2500
2025-03-02,107,Default queue,4,271,185782773.7550,3803894.8340,52394693.5480,464944.3660,0.0000,2.0400,28.2000,0.0000,0.2500
2025-03-02,107,Default queue,5,271,185785168.4910,3803894.8340,52394693.5480,466128.9220,0.0000,2.0400,28.2000,0.0000,0.2500
2025-03-02,107,Default queue,6,271,185788048.4310,3803894.8340,52394693.5480,461891.7390,0.0000,2.0400,28.2000,0.0000,0.2400
2025-03-02,107,Default queue,7,271,185789492.6640,3803894.8340,52394693.5480,468911.7310,0.0000,2.0400,28.2000,0.0000,0.2500
2025-03-03,14,Short query queue,-1,33,16245948.8240,0.0000,922709.0780,20421.7340,14385.2050,0.0000,5.6700,0.0800,0.1200
2025-03-03,14,Short query queue,0,25,5341229.4440,0.0000,132380.8660,20090.7940,0.0000,0.0000,2.4700,0.0000,0.3700
2025-03-03,14,Short query queue,1,25,5341315.4530,0.0000,132380.8660,20128.9460,0.0000,0.0000,2.4700,0.0000,0.3700
2025-03-03,14,Short query queue,2,25,5341105.5880,0.0000,132380.8660,19719.7260,0.0000,0.0000,2.4700,0.0000,0.3600
2025-03-03,14,Short query queue,3,25,5341789.5560,0.0000,132380.8660,20630.5200,0.0000,0.0000,2.4700,0.0000,0.3800
2025-03-03,14,Short query queue,4,25,5341282.9180,0.0000,132380.8660,20128.2320,0.0000,0.0000,2.4700,0.0000,0.3700
2025-03-03,14,Short query queue,5,25,5340917.2460,0.0000,132380.8660,19774.6790,0.0000,0.0000,2.4700,0.0000,0.3700
2025-03-03,14,Short query queue,6,25,5341070.2700,0.0000,132380.8660,19854.0540,0.0000,0.0000,2.4700,0.0000,0.3700
2025-03-03,14,Short query queue,7,25,5340936.8690,0.0000,132380.8660,18837.8090,0.0000,0.0000,2.4700,0.0000,0.3500
2025-03-03,15,Service class for vacuum/analyze,-1,256,4543529874.5920,-794328499257.7870,140866286.8070,5507116.7590,2605086.7060,-17482.6200,3.1000,0.0500,0.1200
2025-03-03,15,Service class for vacuum/analyze,0,256,4543543232.9520,-794328499257.7870,140866286.8070,6237001.5790,0.0000,-17482.5700,3.1000,0.0000,0.1300
2025-03-03,15,Service class for vacuum/analyze,1,256,4543543596.7140,-794328499257.7870,140866286.8070,6241118.7750,0.0000,-17482.5700,3.1000,0.0000,0.1300
2025-03-03,15,Service class for vacuum/analyze,2,256,4543561722.4720,-794328499257.7870,140866286.8070,6260267.8850,0.0000,-17482.5000,3.1000,0.0000,0.1300
2025-03-03,15,Service class for vacuum/analyze,3,256,4543549539.3720,-794328499257.7870,140866286.8070,6242266.3730,0.0000,-17482.5500,3.1000,0.0000,0.1300
2025-03-03,15,Service class for vacuum/analyze,4,256,4543560288.6500,-794328499257.7870,140866286.8070,6253728.6740,0.0000,-17482.5100,3.1000,0.0000,0.1300
2025-03-03,15,Service class for vacuum/analyze,5,256,4543582411.5700,-794328499257.7870,140866286.8070,6260747.1440,0.0000,-17482.4200,3.1000,0.0000,0.1300
2025-03-03,15,Service class for vacuum/analyze,6,256,4543583834.7240,-794328499257.7870,140866286.8070,6275204.5240,0.0000,-17482.4200,3.1000,0.0000,0.1300
2025-03-03,15,Service class for vacuum/analyze,7,256,4543552511.0580,-794328499257.7870,140866286.8070,6240527.8510,0.0000,-17482.5400,3.1000,0.0000,0.1300
2025-03-03,101,wlm_ETL_Application,-1,6126,4691491416.2470,59320882.5720,375994630.7410,28166137.7140,19458780.9410,1.2600,8.0100,0.4100,0.6000
2025-03-03,101,wlm_ETL_Application,0,5981,4648454940.0870,57364525.7860,363336027.0580,34912960.1140,0.0000,1.2300,7.8100,0.0000,0.7500
2025-03-03,101,wlm_ETL_Application,1,5981,4648318778.4150,57364525.7860,363336027.0580,34730145.2380,0.0000,1.2300,7.8100,0.0000,0.7400
2025-03-03,101,wlm_ETL_Application,2,5981,4648543590.9900,57364525.7860,363336027.0580,34806643.3520,0.0000,1.2300,7.8100,0.0000,0.7400
2025-03-03,101,wlm_ETL_Application,3,5981,4648833952.3260,57364525.7860,363336027.0580,35047997.0810,0.0000,1.2300,7.8100,0.0000,0.7500
2025-03-03,101,wlm_ETL_Application,4,5981,4648255283.5760,57364525.7860,363336027.0580,34728977.0050,0.0000,1.2300,7.8100,0.0000,0.7400
2025-03-03,101,wlm_ETL_Application,5,5981,4648529134.8850,57364525.7860,363336027.0580,34878306.2270,0.0000,1.2300,7.8100,0.0000,0.7500
2025-03-03,101,wlm_ETL_Application,6,5981,4648682794.9620,57364525.7860,363336027.0580,34844060.3920,0.0000,1.2300,7.8100,0.0000,0.7400
2025-03-03,101,wlm_ETL_Application,7,5981,4648549899.7560,57364525.7860,363336027.0580,34680972.4960,0.0000,1.2300,7.8100,0.0000,0.7400
2025-03-03,103,wlm_DBA,-1,67354,246309827.6560,41228531.1040,130709271.8280,43882231.6880,33118590.9740,16.7300,53.0600,13.4400,17.8100
2025-03-03,103,wlm_DBA,0,67354,247196165.2720,41228531.1040,130709271.8280,56189191.1310,0.0000,16.6700,52.8700,0.0000,22.7300
2025-03-03,103,wlm_DBA,1,67354,247285414.6700,41228531.1040,130709271.8280,56214936.0100,0.0000,16.6700,52.8500,0.0000,22.7300
2025-03-03,103,wlm_DBA,2,67354,247444047.0050,41228531.1040,130709271.8280,56299714.7480,0.0000,16.6600,52.8200,0.0000,22.7500
2025-03-03,103,wlm_DBA,3,67354,247586416.3070,41228531.1040,130709271.8280,56405335.5580,0.0000,16.6500,52.7900,0.0000,22.7800
2025-03-03,103,wlm_DBA,4,67354,247033739.7950,41228531.1040,130709271.8280,56127069.3570,0.0000,16.6800,52.9100,0.0000,22.7200
2025-03-03,103,wlm_DBA,5,67354,247324816.9460,41228531.1040,130709271.8280,56256946.8800,0.0000,16.6600,52.8400,0.0000,22.7400
2025-03-03,103,wlm_DBA,6,67354,247555562.5160,41228531.1040,130709271.8280,56363626.2170,0.0000,16.6500,52.7900,0.0000,22.7600
2025-03-03,103,wlm_DBA,7,67354,247691295.4180,41228531.1040,130709271.8280,56442097.2060,0.0000,16.6400,52.7700,0.0000,22.7800
2025-03-03,107,Default queue,-1,941,496505610.6670,8458164.3180,79449258.8090,708615.8570,439397.7230,1.7000,16.0000,0.0800,0.1400
2025-03-03,107,Default queue,0,711,196841194.8700,6420997.8270,49758157.5690,775979.8110,0.0000,3.2600,25.2700,0.0000,0.3900
2025-03-03,107,Default queue,1,711,196843887.2060,6420997.8270,49758157.5690,780568.1790,0.0000,3.2600,25.2700,0.0000,0.3900
2025-03-03,107,Default queue,2,711,196853451.1920,6420997.8270,49758157.5690,782002.4560,0.0000,3.2600,25.2700,0.0000,0.3900
2025-03-03,107,Default queue,3,711,196849952.6770,6420997.8270,49758157.5690,779393.5870,0.0000,3.2600,25.2700,0.0000,0.3900
2025-03-03,107,Default queue,4,711,196837087.4800,6420997.8270,49758157.5690,771549.7080,0.0000,3.2600,25.2700,0.0000,0.3900
2025-03-03,107,Default queue,5,711,196845841.5590,6420997.8270,49758157.5690,782789.9420,0.0000,3.2600,25.2700,0.0000,0.3900
2025-03-03,107,Default queue,6,711,196844852.0950,6420997.8270,49758157.5690,783152.8320,0.0000,3.2600,25.2700,0.0000,0.3900
2025-03-03,107,Default queue,7,711,196844162.1500,6420997.8270,49758157.5690,774929.4390,0.0000,3.2600,25.2700,0.0000,0.3900
2025-03-04,14,Short query queue,-1,31,11221036.7990,0.0000,33726.1800,13735.3900,17213.6730,0.0000,0.3000,0.1500,0.1200
2025-03-04,14,Short query queue,0,25,11117948.3440,0.0000,30375.8150,20698.6710,0.0000,0.0000,0.2700,0.0000,0.1800
2025-03-04,14,Short query queue,1,25,11117953.1310,0.0000,30375.8150,20768.5870,0.0000,0.0000,0.2700,0.0000,0.1800
2025-03-04,14,Short query queue,2,25,11118198.2550,0.0000,30375.8150,19428.9160,0.0000,0.0000,0.2700,0.0000,0.1700
2025-03-04,14,Short query queue,3,25,11118057.4870,0.0000,30375.8150,20588.8610,0.0000,0.0000,0.2700,0.0000,0.1800
2025-03-04,14,Short query queue,4,25,11118150.2340,0.0000,30375.8150,20816.1660,0.0000,0.0000,0.2700,0.0000,0.1800
2025-03-04,14,Short query queue,5,25,11118143.8500,0.0000,30375.8150,20707.0720,0.0000,0.0000,0.2700,0.0000,0.1800
2025-03-04,14,Short query queue,6,25,11117969.6790,0.0000,30375.8150,20755.4230,0.0000,0.0000,0.2700,0.0000,0.1800
2025-03-04,14,Short query queue,7,25,11118293.9170,0.0000,30375.8150,21083.7910,0.0000,0.0000,0.2700,0.0000,0.1800
2025-03-04,15,Service class for vacuum/analyze,-1,776,4243670144.7920,-1588749412369.3390,960470386.1290,23754093.8530,18313041.7720,-37438.0900,22.6300,0.4300,0.5500
2025-03-04,15,Service class for vacuum/analyze,0,776,4243711090.7620,-1588749412369.3390,960470386.1290,27715950.4510,0.0000,-37437.7300,22.6300,0.0000,0.6500
2025-03-04,15,Service class for vacuum/analyze,1,776,4243726297.1820,-1588749412369.3390,960470386.1290,27696439.6980,0.0000,-37437.6000,22.6300,0.0000,0.6500
2025-03-04,15,Service class for vacuum/analyze,2,776,4243750071.7400,-1588749412369.3390,960470386.1290,27720725.4520,0.0000,-37437.3900,22.6300,0.0000,0.6500
2025-03-04,15,Service class for vacuum/analyze,3,776,4243739271.0460,-1588749412369.3390,960470386.1290,27707717.8050,0.0000,-37437.4800,22.6300,0.0000,0.6500
2025-03-04,15,Service class for vacuum/analyze,4,776,4243746541.0610,-1588749412369.3390,960470386.1290,27690265.2900,0.0000,-37437.4200,22.6300,0.0000,0.6500
2025-03-04,15,Service class for vacuum/analyze,5,776,4243756802.1530,-1588749412369.3390,960470386.1290,27726759.2620,0.0000,-37437.3300,22.6300,0.0000,0.6500
2025-03-04,15,Service class for vacuum/analyze,6,776,4243740773.6790,-1588749412369.3390,960470386.1290,27716474.4290,0.0000,-37437.4700,22.6300,0.0000,0.6500
2025-03-04,15,Service class for vacuum/analyze,7,776,4243772285.8570,-1588749412369.3390,960470386.1290,27752921.0580,0.0000,-37437.1900,22.6300,0.0000,0.6500
2025-03-04,100,wlm_BI_Applications,-1,1,6127.4430,0.0000,5453.9430,14.0060,8.7340,0.0000,89.0000,0.1400,0.2200
2025-03-04,101,wlm_ETL_Application,-1,6013,3883442150.0160,52044450.1070,326238613.1330,27909246.4430,21088087.0150,1.3400,8.4000,0.5400,0.7100
2025-03-04,101,wlm_ETL_Application,0,5904,3813371890.3360,49839541.7930,312194981.8600,34513096.4290,0.0000,1.3000,8.1800,0.0000,0.9000
2025-03-04,101,wlm_ETL_Application,1,5904,3813420025.2790,49839541.7930,312194981.8600,34333949.0960,0.0000,1.3000,8.1800,0.0000,0.9000
2025-03-04,101,wlm_ETL_Application,2,5904,3813362148.1880,49839541.7930,312194981.8600,34229889.6340,0.0000,1.3000,8.1800,0.0000,0.8900
2025-03-04,101,wlm_ETL_Application,3,5904,3813522653.1810,49839541.7930,312194981.8600,34481025.3150,0.0000,1.3000,8.1800,0.0000,0.9000
2025-03-04,101,wlm_ETL_Application,4,5904,3813077037.1210,49839541.7930,312194981.8600,34392655.5860,0.0000,1.3000,8.1800,0.0000,0.9000
2025-03-04,101,wlm_ETL_Application,5,5904,3813680211.0410,49839541.7930,312194981.8600,34793778.6050,0.0000,1.3000,8.1800,0.0000,0.9100
2025-03-04,101,wlm_ETL_Application,6,5904,3813534450.2480,49839541.7930,312194981.8600,34649045.7280,0.0000,1.3000,8.1800,0.0000,0.9000
2025-03-04,101,wlm_ETL_Application,7,5904,3813761729.4830,49839541.7930,312194981.8600,34451169.8670,0.0000,1.3000,8.1800,0.0000,0.9000
2025-03-04,102,wlm_Analysts,-1,7,5736821.4920,0.0000,3141217.3940,13361.8730,15302.4370,0.0000,54.7500,0.2600,0.2300
2025-03-04,102,wlm_Analysts,0,6,5106573.9300,0.0000,2511591.3890,17716.9640,0.0000,0.0000,49.1800,0.0000,0.3400
2025-03-04,102,wlm_Analysts,1,6,5106879.2030,0.0000,2511591.3890,18249.7630,0.0000,0.0000,49.1800,0.0000,0.3500
2025-03-04,102,wlm_Analysts,2,6,5106346.0070,0.0000,2511591.3890,17996.0840,0.0000,0.0000,49.1800,0.0000,0.3500
2025-03-04,102,wlm_Analysts,3,6,5106369.1970,0.0000,2511591.3890,17993.8650,0.0000,0.0000,49.1800,0.0000,0.3500
2025-03-04,102,wlm_Analysts,4,6,5106582.4090,0.0000,2511591.3890,18059.8470,0.0000,0.0000,49.1800,0.0000,0.3500
2025-03-04,102,wlm_Analysts,5,6,5106326.1350,0.0000,2511591.3890,18249.5440,0.0000,0.0000,49.1800,0.0000,0.3500
2025-03-04,102,wlm_Analysts,6,6,5106577.7010,0.0000,2511591.3890,18225.1540,0.0000,0.0000,49.1800,0.0000,0.3500
2025-03-04,102,wlm_Analysts,7,6,5106654.5370,0.0000,2511591.3890,18338.3500,0.0000,0.0000,49.1800,0.0000,0.3500
2025-03-04,103,wlm_DBA,-1,70679,236632750.0210,34963803.2830,119744613.6340,44003378.4670,35122027.8950,14.7700,50.6000,14.8400,18.5900
2025-03-04,103,wlm_DBA,0,70679,237685051.1900,34963803.2830,119744613.6340,59223597.5160,0.0000,14.7100,50.3700,0.0000,24.9100
2025-03-04,103,wlm_DBA,1,70679,237811129.2080,34963803.2830,119744613.6340,59227959.5660,0.0000,14.7000,50.3500,0.0000,24.9000
2025-03-04,103,wlm_DBA,2,70679,237952736.2450,34963803.2830,119744613.6340,59391261.5690,0.0000,14.6900,50.3200,0.0000,24.9500
2025-03-04,103,wlm_DBA,3,70679,238190631.3300,34963803.2830,119744613.6340,59448978.1760,0.0000,14.6700,50.2700,0.0000,24.9500
2025-03-04,103,wlm_DBA,4,70679,237434023.9700,34963803.2830,119744613.6340,59171800.3380,0.0000,14.7200,50.4300,0.0000,24.9200
2025-03-04,103,wlm_DBA,5,70679,237899661.8320,34963803.2830,119744613.6340,59344720.5330,0.0000,14.6900,50.3300,0.0000,24.9400
2025-03-04,103,wlm_DBA,6,70679,238162006.7200,34963803.2830,119744613.6340,59461346.6720,0.0000,14.6800,50.2700,0.0000,24.9600
2025-03-04,103,wlm_DBA,7,70679,238179212.0950,34963803.2830,119744613.6340,59464648.7260,0.0000,14.6700,50.2700,0.0000,24.9600
2025-03-04,107,Default queue,-1,905,493587201.1690,7995295.8140,84291558.7840,610905.1450,693698.5030,1.6100,17.0700,0.1400,0.1200
2025-03-04,107,Default queue,0,692,240001229.0280,7453310.7020,66044034.4040,827082.2850,0.0000,3.1000,27.5100,0.0000,0.3400
2025-03-04,107,Default queue,1,692,240002416.1100,7453310.7020,66044034.4040,822656.0770,0.0000,3.1000,27.5100,0.0000,0.3400
2025-03-04,107,Default queue,2,692,240005433.2130,7453310.7020,66044034.4040,830584.2900,0.0000,3.1000,27.5100,0.0000,0.3400
2025-03-04,107,Default queue,3,692,240005348.6370,7453310.7020,66044034.4040,826091.2730,0.0000,3.1000,27.5100,0.0000,0.3400
2025-03-04,107,Default queue,4,692,240000967.0450,7453310.7020,66044034.4040,826026.6830,0.0000,3.1000,27.5100,0.0000,0.3400
2025-03-04,107,Default queue,5,692,240003105.0370,7453310.7020,66044034.4040,826109.1400,0.0000,3.1000,27.5100,0.0000,0.3400
2025-03-04,107,Default queue,6,692,240010478.4780,7453310.7020,66044034.4040,824423.8460,0.0000,3.1000,27.5100,0.0000,0.3400
2025-03-04,107,Default queue,7,692,240002613.8830,7453310.7020,66044034.4040,820113.0900,0.0000,3.1000,27.5100,0.0000,0.3400
2025-03-05,14,Short query queue,-1,58,17848504.2190,0.0000,139367.2340,25447.8740,22386.7800,0.0000,0.7800,0.1200,0.1400
2025-03-05,14,Short query queue,0,33,5897233.3910,0.0000,85531.5970,29556.4020,0.0000,0.0000,1.4500,0.0000,0.5000
2025-03-05,14,Short query queue,1,33,5897208.0290,0.0000,85531.5970,30022.8400,0.0000,0.0000,1.4500,0.0000,0.5000
2025-03-05,14,Short query queue,2,33,5897598.0250,0.0000,85531.5970,30203.0190,0.0000,0.0000,1.4500,0.0000,0.5100
2025-03-05,14,Short query queue,3,33,5897881.0750,0.0000,85531.5970,30213.9640,0.0000,0.0000,1.4500,0.0000,0.5100
2025-03-05,14,Short query queue,4,33,5897605.6640,0.0000,85531.5970,30484.3500,0.0000,0.0000,1.4500,0.0000,0.5100
2025-03-05,14,Short query queue,5,33,5899052.3750,0.0000,85531.5970,31742.8830,0.0000,0.0000,1.4400,0.0000,0.5300
2025-03-05,14,Short query queue,6,33,5898247.6780,0.0000,85531.5970,30485.9000,0.0000,0.0000,1.4500,0.0000,0.5100
2025-03-05,14,Short query queue,7,33,5898052.0860,0.0000,85531.5970,30694.2130,0.0000,0.0000,1.4500,0.0000,0.5200
2025-03-05,15,Service class for vacuum/analyze,-1,398,-5716918080.0570,-15890208213434.0750,261080074.2560,8949528.9510,5865028.3610,277950.6000,-4.5600,-0.1000,-0.1500
2025-03-05,15,Service class for vacuum/analyze,0,398,-5716896162.6070,-15890208213434.0750,261080074.2560,10517982.3010,0.0000,277951.6600,-4.5600,0.0000,-0.1800
2025-03-05,15,Service class for vacuum/analyze,1,398,-5716889324.5600,-15890208213434.0750,261080074.2560,10520371.7120,0.0000,277951.9900,-4.5600,0.0000,-0.1800
2025-03-05,15,Service class for vacuum/analyze,2,398,-5716877685.8660,-15890208213434.0750,261080074.2560,10529881.2850,0.0000,277952.5600,-4.5600,0.0000,-0.1800
2025-03-05,15,Service class for vacuum/analyze,3,398,-5716854754.2760,-15890208213434.0750,261080074.2560,10542034.9250,0.0000,277953.6800,-4.5600,0.0000,-0.1800
2025-03-05,15,Service class for vacuum/analyze,4,398,-5716891632.8280,-15890208213434.0750,261080074.2560,10519879.3880,0.0000,277951.8800,-4.5600,0.0000,-0.1800
2025-03-05,15,Service class for vacuum/analyze,5,398,-5716875005.4760,-15890208213434.0750,261080074.2560,10519415.9350,0.0000,277952.6900,-4.5600,0.0000,-0.1800
2025-03-05,15,Service class for vacuum/analyze,6,398,-5716873600.6010,-15890208213434.0750,261080074.2560,10522958.3320,0.0000,277952.7600,-4.5600,0.0000,-0.1800
2025-03-05,15,Service class for vacuum/analyze,7,398,-5716876032.5450,-15890208213434.0750,261080074.2560,10524510.7140,0.0000,277952.6400,-4.5600,0.0000,-0.1800
2025-03-05,100,wlm_BI_Applications,-1,58,12208687.6760,9033887.3570,10392997.5780,17313.1680,64208.6260,73.9900,85.1200,0.5200,0.1400
2025-03-05,100,wlm_BI_Applications,0,29,2651937.6960,1612242.0240,1966775.5640,31267.6240,0.0000,60.7900,74.1600,0.0000,1.1700
2025-03-05,100,wlm_BI_Applications,1,29,2651807.8970,1612242.0240,1966775.5640,31033.6570,0.0000,60.7900,74.1600,0.0000,1.1700
2025-03-05,100,wlm_BI_Applications,2,29,2652875.3710,1612242.0240,1966775.5640,32195.4680,0.0000,60.7700,74.1300,0.0000,1.2100
2025-03-05,100,wlm_BI_Applications,3,29,2653088.5470,1612242.0240,1966775.5640,31779.3200,0.0000,60.7600,74.1300,0.0000,1.1900
2025-03-05,100,wlm_BI_Applications,4,29,2652012.6860,1612242.0240,1966775.5640,31333.5590,0.0000,60.7900,74.1600,0.0000,1.1800
2025-03-05,100,wlm_BI_Applications,5,29,2652771.7010,1612242.0240,1966775.5640,31992.2000,0.0000,60.7700,74.1400,0.0000,1.2000
2025-03-05,100,wlm_BI_Applications,6,29,2653054.6140,1612242.0240,1966775.5640,32082.8450,0.0000,60.7600,74.1300,0.0000,1.2000
2025-03-05,100,wlm_BI_Applications,7,29,2651720.1830,1612242.0240,1966775.5640,30801.6120,0.0000,60.7900,74.1600,0.0000,1.1600
2025-03-05,101,wlm_ETL_Application,-1,6062,4212594872.6650,86778170.4640,393520721.3600,28355812.5320,23280030.2840,2.0500,9.3400,0.5500,0.6700
2025-03-05,101,wlm_ETL_Application,0,5951,4158833456.5920,81266974.8860,380365134.6850,35401588.0510,0.0000,1.9500,9.1400,0.0000,0.8500
2025-03-05,101,wlm_ETL_Application,1,5951,4158721767.2270,81266974.8860,380365134.6850,35258657.8240,0.0000,1.9500,9.1400,0.0000,0.8400
2025-03-05,101,wlm_ETL_Application,2,5951,4159160586.3230,81266974.8860,380365134.6850,35559448.2990,0.0000,1.9500,9.1400,0.0000,0.8500
2025-03-05,101,wlm_ETL_Application,3,5951,4159107024.0140,81266974.8860,380365134.6850,35509756.1400,0.0000,1.9500,9.1400,0.0000,0.8500
2025-03-05,101,wlm_ETL_Application,4,5951,4158685884.9720,81266974.8860,380365134.6850,35466704.1040,0.0000,1.9500,9.1400,0.0000,0.8500
2025-03-05,101,wlm_ETL_Application,5,5951,4159127586.2020,81266974.8860,380365134.6850,35534777.2420,0.0000,1.9500,9.1400,0.0000,0.8500
2025-03-05,101,wlm_ETL_Application,6,5951,4159248775.1180,81266974.8860,380365134.6850,35668794.2960,0.0000,1.9500,9.1400,0.0000,0.8500
2025-03-05,101,wlm_ETL_Application,7,5951,4159151318.1970,81266974.8860,380365134.6850,35530308.9780,0.0000,1.9500,9.1400,0.0000,0.8500
2025-03-05,102,wlm_Analysts,-1,9,7486922.4750,571654.6740,1152829.8500,3353.0120,11544.4330,7.6300,15.3900,0.1500,0.0400
2025-03-05,102,wlm_Analysts,0,1,6093253.0210,32500.0030,502208.7210,3004.7360,0.0000,0.5300,8.2400,0.0000,0.0400
2025-03-05,102,wlm_Analysts,1,1,6093256.6050,32500.0030,502208.7210,3005.4500,0.0000,0.5300,8.2400,0.0000,0.0400
2025-03-05,102,wlm_Analysts,2,1,6093249.8920,32500.0030,502208.7210,3006.0800,0.0000,0.5300,8.2400,0.0000,0.0400
2025-03-05,102,wlm_Analysts,3,1,6093252.8880,32500.0030,502208.7210,3006.7940,0.0000,0.5300,8.2400,0.0000,0.0400
2025-03-05,102,wlm_Analysts,4,1,6093258.4040,32500.0030,502208.7210,3006.4090,0.0000,0.5300,8.2400,0.0000,0.0400
2025-03-05,102,wlm_Analysts,5,1,6093254.0990,32500.0030,502208.7210,3006.1850,0.0000,0.5300,8.2400,0.0000,0.0400
2025-03-05,102,wlm_Analysts,6,1,6093250.6200,32500.0030,502208.7210,3005.8560,0.0000,0.5300,8.2400,0.0000,0.0400
2025-03-05,102,wlm_Analysts,7,1,6093252.6150,32500.0030,502208.7210,3006.3740,0.0000,0.5300,8.2400,0.0000,0.0400
2025-03-05,103,wlm_DBA,-1,60376,234597431.8610,55436915.3750,136383620.4420,40274888.4200,27280704.6930,23.6300,58.1300,11.6200,17.1600
2025-03-05,103,wlm_DBA,0,60376,235494552.5450,55436915.3750,136383620.4420,51944920.3760,0.0000,23.5400,57.9100,0.0000,22.0500
2025-03-05,103,wlm_DBA,1,60376,235517079.1870,55436915.3750,136383620.4420,51985005.9290,0.0000,23.5300,57.9000,0.0000,22.0700
2025-03-05,103,wlm_DBA,2,60376,235734129.6510,55436915.3750,136383620.4420,52078472.8380,0.0000,23.5100,57.8500,0.0000,22.0900
2025-03-05,103,wlm_DBA,3,60376,235958725.2930,55436915.3750,136383620.4420,52189182.4220,0.0000,23.4900,57.7900,0.0000,22.1100
2025-03-05,103,wlm_DBA,4,60376,235255064.5960,55436915.3750,136383620.4420,51886022.2470,0.0000,23.5600,57.9700,0.0000,22.0500
2025-03-05,103,wlm_DBA,5,60376,235743192.8700,55436915.3750,136383620.4420,52091625.7280,0.0000,23.5100,57.8500,0.0000,22.0900
2025-03-05,103,wlm_DBA,6,60376,235947488.5120,55436915.3750,136383620.4420,52197666.9980,0.0000,23.4900,57.8000,0.0000,22.1200
2025-03-05,103,wlm_DBA,7,60376,235916955.1380,55436915.3750,136383620.4420,52111638.4470,0.0000,23.4900,57.8100,0.0000,22.0800
2025-03-05,107,Default queue,-1,645,714932677.3680,46860315.5790,148998330.6660,537612.1230,295930.3200,6.5500,20.8400,0.0400,0.0700
2025-03-05,107,Default queue,0,375,228304472.9630,29460926.0330,81252924.1300,613309.1900,0.0000,12.9000,35.5800,0.0000,0.2600
2025-03-05,107,Default queue,1,375,228315091.9840,29460926.0330,81252924.1300,622955.0230,0.0000,12.9000,35.5800,0.0000,0.2700
2025-03-05,107,Default queue,2,375,228309704.1520,29460926.0330,81252924.1300,618386.8560,0.0000,12.9000,35.5800,0.0000,0.2700
2025-03-05,107,Default queue,3,375,228311282.6380,29460926.0330,81252924.1300,617139.9440,0.0000,12.9000,35.5800,0.0000,0.2700
2025-03-05,107,Default queue,4,375,228305239.9370,29460926.0330,81252924.1300,613115.8010,0.0000,12.9000,35.5800,0.0000,0.2600
2025-03-05,107,Default queue,5,375,228308473.1860,29460926.0330,81252924.1300,618744.5650,0.0000,12.9000,35.5800,0.0000,0.2700
2025-03-05,107,Default queue,6,375,228307924.3900,29460926.0330,81252924.1300,616320.9730,0.0000,12.9000,35.5800,0.0000,0.2600
2025-03-05,107,Default queue,7,375,228310194.8460,29460926.0330,81252924.1300,617439.3450,0.0000,12.9000,35.5800,0.0000,0.2700
2025-03-06,14,Short query queue,-1,32,14998959.6840,0.0000,91049.8370,17264.4550,7737.9930,0.0000,0.6000,0.0500,0.1100
2025-03-06,14,Short query queue,0,19,2573755.0460,0.0000,84720.2720,15818.3830,0.0000,0.0000,3.2900,0.0000,0.6100
2025-03-06,14,Short query queue,1,19,2573843.6810,0.0000,84720.2720,15560.0430,0.0000,0.0000,3.2900,0.0000,0.6000
2025-03-06,14,Short query queue,2,19,2573832.0040,0.0000,84720.2720,13929.5640,0.0000,0.0000,3.2900,0.0000,0.5400
2025-03-06,14,Short query queue,3,19,2574524.2220,0.0000,84720.2720,16681.2850,0.0000,0.0000,3.2900,0.0000,0.6400
2025-03-06,14,Short query queue,4,19,2574019.8580,0.0000,84720.2720,16159.2810,0.0000,0.0000,3.2900,0.0000,0.6200
2025-03-06,14,Short query queue,5,19,2574049.3070,0.0000,84720.2720,14306.2280,0.0000,0.0000,3.2900,0.0000,0.5500
2025-03-06,14,Short query queue,6,19,2573788.8230,0.0000,84720.2720,15510.9390,0.0000,0.0000,3.2900,0.0000,0.6000
2025-03-06,14,Short query queue,7,19,2574098.3480,0.0000,84720.2720,16218.7190,0.0000,0.0000,3.2900,0.0000,0.6300
2025-03-06,15,Service class for vacuum/analyze,-1,248,69343162.8220,129642.0140,12150160.5970,2535808.2800,618222.8340,0.1800,17.5200,0.8900,3.6500
2025-03-06,15,Service class for vacuum/analyze,0,248,69365951.4440,129642.0140,12150160.5970,2768592.6440,0.0000,0.1800,17.5100,0.0000,3.9900
2025-03-06,15,Service class for vacuum/analyze,1,248,69368477.7300,129642.0140,12150160.5970,2769870.1890,0.0000,0.1800,17.5100,0.0000,3.9900
2025-03-06,15,Service class for vacuum/analyze,2,248,69374956.3210,129642.0140,12150160.5970,2774978.1530,0.0000,0.1800,17.5100,0.0000,3.9900
2025-03-06,15,Service class for vacuum/analyze,3,248,69389982.2620,129642.0140,12150160.5970,2788795.9730,0.0000,0.1800,17.5000,0.0000,4.0100
2025-03-06,15,Service class for vacuum/analyze,4,248,69359675.4410,129642.0140,12150160.5970,2763468.0420,0.0000,0.1800,17.5100,0.0000,3.9800
2025-03-06,15,Service class for vacuum/analyze,5,248,69388531.8450,129642.0140,12150160.5970,2783860.7100,0.0000,0.1800,17.5100,0.0000,4.0100
2025-03-06,15,Service class for vacuum/analyze,6,248,69367098.2620,129642.0140,12150160.5970,2767586.5360,0.0000,0.1800,17.5100,0.0000,3.9800
2025-03-06,15,Service class for vacuum/analyze,7,248,69369805.2040,129642.0140,12150160.5970,2759869.2020,0.0000,0.1800,17.5100,0.0000,3.9700
2025-03-06,100,wlm_BI_Applications,-1,2,18198.3680,1780.4970,8998.8050,125.2160,3.4040,9.7800,49.4400,0.0100,0.6800
2025-03-06,101,wlm_ETL_Application,-1,5694,4385924445.8500,251365166.4140,1306968861.9890,43780808.9850,29570325.3180,5.7300,29.7900,0.6700,0.9900
2025-03-06,101,wlm_ETL_Application,0,5569,4360338434.8940,248796142.1750,1298285476.5280,52197110.3450,0.0000,5.7000,29.7700,0.0000,1.1900
2025-03-06,101,wlm_ETL_Application,1,5569,4360459786.9170,248796142.1750,1298285476.5280,52281298.9650,0.0000,5.7000,29.7700,0.0000,1.1900
2025-03-06,101,wlm_ETL_Application,2,5569,4360731807.3410,248796142.1750,1298285476.5280,52449824.6090,0.0000,5.7000,29.7700,0.0000,1.2000
2025-03-06,101,wlm_ETL_Application,3,5569,4360714329.9460,248796142.1750,1298285476.5280,52351106.9690,0.0000,5.7000,29.7700,0.0000,1.2000
2025-03-06,101,wlm_ETL_Application,4,5569,4359533076.9060,248796142.1750,1298285476.5280,51884831.4290,0.0000,5.7000,29.7800,0.0000,1.1900
2025-03-06,101,wlm_ETL_Application,5,5569,4360990786.8130,248796142.1750,1298285476.5280,52552711.6570,0.0000,5.7000,29.7700,0.0000,1.2000
2025-03-06,101,wlm_ETL_Application,6,5569,4360699618.9530,248796142.1750,1298285476.5280,52470600.2330,0.0000,5.7000,29.7700,0.0000,1.2000
2025-03-06,101,wlm_ETL_Application,7,5569,4360495056.0950,248796142.1750,1298285476.5280,51980560.6250,0.0000,5.7000,29.7700,0.0000,1.1900
2025-03-06,102,wlm_Analysts,-1,5,25153092.1680,1278103.5800,2634034.5720,5769.0180,30949.8760,5.0800,10.4700,0.1200,0.0200
2025-03-06,102,wlm_Analysts,0,4,25142436.3810,1276733.8390,2628303.6720,30980.8160,0.0000,5.0700,10.4500,0.0000,0.1200
2025-03-06,102,wlm_Analysts,1,4,25147886.2440,1276733.8390,2628303.6720,32764.4080,0.0000,5.0700,10.4500,0.0000,0.1300
2025-03-06,102,wlm_Analysts,2,4,25142526.5540,1276733.8390,2628303.6720,27269.7630,0.0000,5.0700,10.4500,0.0000,0.1000
2025-03-06,102,wlm_Analysts,3,4,25155885.6030,1276733.8390,2628303.6720,38467.7520,0.0000,5.0700,10.4400,0.0000,0.1500
2025-03-06,102,wlm_Analysts,4,4,25142127.3900,1276733.8390,2628303.6720,32229.7090,0.0000,5.0700,10.4500,0.0000,0.1200
2025-03-06,102,wlm_Analysts,5,4,25142464.6940,1276733.8390,2628303.6720,27393.1480,0.0000,5.0700,10.4500,0.0000,0.1000
2025-03-06,102,wlm_Analysts,6,4,25154883.9700,1276733.8390,2628303.6720,42739.6600,0.0000,5.0700,10.4400,0.0000,0.1600
2025-03-06,102,wlm_Analysts,7,4,25142737.2960,1276733.8390,2628303.6720,30206.2050,0.0000,5.0700,10.4500,0.0000,0.1200
2025-03-06,103,wlm_DBA,-1,46146,175891779.1980,31568399.9120,96535340.0660,30656229.5170,22387564.3650,17.9400,54.8800,12.7200,17.4200
2025-03-06,103,wlm_DBA,0,46146,177164061.8060,31568399.9120,96535340.0660,41918865.0320,0.0000,17.8100,54.4800,0.0000,23.6600
2025-03-06,103,wlm_DBA,1,46146,177253933.2890,31568399.9120,96535340.0660,41955684.5840,0.0000,17.8000,54.4600,0.0000,23.6600
2025-03-06,103,wlm_DBA,2,46146,177456709.8800,31568399.9120,96535340.0660,42145077.7720,0.0000,17.7800,54.3900,0.0000,23.7400
2025-03-06,103,wlm_DBA,3,46146,177574234.8100,31568399.9120,96535340.0660,42110193.7630,0.0000,17.7700,54.3600,0.0000,23.7100
2025-03-06,103,wlm_DBA,4,46146,176723896.6840,31568399.9120,96535340.0660,41823505.0850,0.0000,17.8600,54.6200,0.0000,23.6600
2025-03-06,103,wlm_DBA,5,46146,177384055.6460,31568399.9120,96535340.0660,42002688.1650,0.0000,17.7900,54.4200,0.0000,23.6700
2025-03-06,103,wlm_DBA,6,46146,177634861.4560,31568399.9120,96535340.0660,42207458.3830,0.0000,17.7700,54.3400,0.0000,23.7600
2025-03-06,103,wlm_DBA,7,46146,177634509.4630,31568399.9120,96535340.0660,42184554.4470,0.0000,17.7700,54.3400,0.0000,23.7400
2025-03-06,107,Default queue,-1,524,561261064.5850,28975392.5580,102363342.6760,374559.3490,409904.5800,5.1600,18.2300,0.0700,0.0600
2025-03-06,107,Default queue,0,306,165489451.4740,20245426.6520,65409477.7570,567252.7070,0.0000,12.2300,39.5200,0.0000,0.3400
2025-03-06,107,Default queue,1,306,165485857.6210,20245426.6520,65409477.7570,558824.9360,0.0000,12.2300,39.5200,0.0000,0.3300
2025-03-06,107,Default queue,2,306,165488765.6680,20245426.6520,65409477.7570,558402.0690,0.0000,12.2300,39.5200,0.0000,0.3300
2025-03-06,107,Default queue,3,306,165485928.2470,20245426.6520,65409477.7570,563326.6820,0.0000,12.2300,39.5200,0.0000,0.3400
2025-03-06,107,Default queue,4,306,165480792.6800,20245426.6520,65409477.7570,560999.0400,0.0000,12.2300,39.5200,0.0000,0.3300
2025-03-06,107,Default queue,5,306,165485532.0680,20245426.6520,65409477.7570,554671.6480,0.0000,12.2300,39.5200,0.0000,0.3300
2025-03-06,107,Default queue,6,306,165488287.7500,20245426.6520,65409477.7570,560647.5690,0.0000,12.2300,39.5200,0.0000,0.3300
2025-03-06,107,Default queue,7,306,165495005.6360,20245426.6520,65409477.7570,565961.6250,0.0000,12.2300,39.5200,0.0000,0.3400
